{"flutter":{"platforms":{"android":{"default":{"projectId":"blood-bank-6450e","appId":"1:111643212586:android:4e86a05b7ea1aab395fc53","fileOutput":"android/app/google-services.json"}},"dart":{"lib/firebase_options.dart":{"projectId":"blood-bank-6450e","configurations":{"android":"1:111643212586:android:4e86a05b7ea1aab395fc53","ios":"1:111643212586:ios:28c9294cc425682195fc53","macos":"1:111643212586:ios:28c9294cc425682195fc53","web":"1:111643212586:web:16342eb0a11eab8395fc53","windows":"1:111643212586:web:fbb840c0fcf97bcd95fc53"}}}}}}